ID,Experiment ID,Biosample ID,Bioproject ID,PMC ID,Study ID,Sample Accession,Organism,Library Source,Library Layout,Library Selection,Instrument,Platform,Bases,Spots,Avg Spot Len,Bytes,Public,Age [sample],Archae reads [sample],Archaea % [sample],Arg input reads [sample],Arg reads [sample],Arg reads per 10000 reads [sample],Bacteria % [sample],Bacteria reads [sample],Biomaterial Provider [sample],Bioreplicate [sample],Biosamplemodel 1 [sample],Biosamplemodel 2 [sample],Biosamplemodel [sample],Biotic Relationship [sample],Bmi [sample],Broad-scale environmental context [sample],Broad-scale environmental context [study],Broker name [sample],Bun [sample],Center Name,Chem Administration [sample],Chordata reads [sample],Classified reads [sample],Collected By [sample],Collection Date [sample],Collection date [sample],Collection date [study],Colon Region [sample],Common name [sample],Condition [sample],Cultivar [sample],Data file [sample],Detected genera [sample],Dna library (ng) [sample],Ecotype [sample],Ena first public [sample],Ena last update [sample],Ena-first-public 1 [sample],Ena-first-public 2 [sample],Ena-first-public [run],Ena-first-public [sample],Ena-first-public [study],Ena-last-update 1 [sample],Ena-last-update 2 [sample],Ena-last-update [run],Ena-last-update [sample],Ena-last-update [study],Env Biome [sample],Env Broad Scale [sample],Env Feature [sample],Env Local Scale [sample],Env Material [sample],Env Medium [sample],Environment (biome) [sample],Environment (feature) [sample],Environment (material) [sample],Environmental medium [sample],Environmental medium [study],Ethnicity [sample],Eukaryota reads [sample],Experimental Factor [sample],External id [sample],Fungi % [sample],Fungi reads [sample],Gender [sample],Geo Loc Name [sample],Geographic location (country and/or sea) [sample],Geographic location (country and/or sea) [study],Geographic location (latitude) [sample],Geographic location (latitude) [study],Geographic location (longitude) [sample],Geographic location (longitude) [study],Geographic location (region and locality) [sample],Group Blood [sample],Group Macconkey [sample],Group Sibo [sample],Hgb [sample],Host Age [sample],Host Body Mass Index [sample],Host Body Product [sample],Host Diet [sample],Host Disease [sample],Host Fat Perc [sample],Host Height [sample],Host Muscle Perc [sample],Host Sex [sample],Host Subject Id [sample],Host Taxid [sample],Host Tissue Sampled [sample],Host Waist Cm [sample],Host Weight [sample],Host [sample],Host age [sample],Host body product [sample],Host body site [sample],Host body site [study],Host disease status [sample],Host disease status [study],Host sex [sample],Host subject id [sample],Host subject id [study],host_subject_id,Host-associated environmental package [sample],Human % [sample],Human gut environmental package [sample],Human-associated environmental package [sample],Incubation Timepoint [sample],Insdc center alias [sample],Insdc center name [sample],Insdc first public [sample],Insdc last update [sample],Insdc status [sample],Investigation type [sample],Isol Growth Condt [sample],Isolate [sample],Isolate source [sample],Isolation Source [sample],JMF_sample_ID,Kidney Disord [sample],Lat Lon [sample],Latitude and longitude [sample],Library Name,Loader [run],Local environmental context [sample],Local environmental context [study],Log il-6 level [sample],Log st2 level [sample],Median read length [sample],Microbial reads [sample],Microbiome % [sample],Microgram dna per g stool [sample],Misc Param [sample],Miscellaneous parameter [sample],Multiplex identifiers [sample],Multiplex identifiers [study],Name,Ng dna per g stool [sample],Nucleic acid amplification [sample],Nucleic acid extraction [sample],Num Replicons [sample],Organism [sample],Other eukaroyta reads [sample],Othereukaryota % [sample],Parent Bioproject [study],Patid [sample],Patient id [sample],Pcr primers [sample],Perturbation [sample],Plantae reads [sample],Plants % [sample],Project name [sample],Project name [study],Ref Biomaterial [sample],Replicate [sample],Samp Collect Device [sample],Samp Store Dur [sample],Samp Store Loc [sample],Samp Store Temp [sample],Sample Name,Sample Name [sample],Sample Type [sample],Sample name [sample],Sample storage temperature [sample],Sampletitle [sample],Scientific Name [sample],Sequencing method [sample],Sequencing method [study],Sex [sample],Size Frac [sample],Source Name [sample],Source Uvig [sample],Specimen [sample],Startcluster [sample],Strain [sample],Study Tmnt [sample],Study day [sample],Subject Id [sample],Submitter id [sample],Sup [sample],Supplementation [sample],Target gene [sample],Tax ID,Temp [sample],Time [sample],Timephase And Cluster [sample],Timephase [sample],Tissue Type [sample],Tissue [sample],Title,Total reads [sample],Total reads per dna library [sample],Treatment [sample],Unclassified % [sample],Unclassified reads [sample],User_sample_ID,Virus Enrich Appr [sample],Virus Enrich Appr1 [sample],Virus Enrich Appr2 [sample],Virus Enrich Appr3 [sample],Virus Enrich Appr4 [sample],Viruses % [sample],Viruses reads [sample]
SRR10148695,SRX6874245,SAMN12788842,PRJNA316969,PMC10958879,SRP072679,SRS5410152,Pseudomonas aeruginosa,GENOMIC,PAIRED,RANDOM,NextSeq 500,ILLUMINA,260990286,938702,278,124766325,TRUE,,,,,,,,,,,MIGS.ba,MIGS/MIMS/MIMARKS.human-associated,,,,,,,,Loyola University Chicago,,,,,2015,,,,,,,,,,,,,,,,,,,,,,,,n/a,,n/a,,n/a,,,,,,,,,,,,,"USA: Columbus, OH",,,,,,,,,,,,,,,,,,,,,,,,,,Homo sapiens,,,,,,,,,,,,,,,,,,,,,,24371246,,,,,,39.95 N 82.98 W,,PA1046,,,,,,,,,,,,,,PaUMB1046,,,,1,,,,PRJNA608517,,,,,,,,,unpublished,,,,,,,,,,,,,,,,,,,,,UMB1046,,,,,,,,287,,,,,,,Pseudomonas aeruginosa UMB1046,,,,,,,,,,,,,
DRR502069,DRX486064,SAMD00639518,PRJDB16443,PMC10926694,DRP010523,DRS326005,Escherichia coli,GENOMIC,PAIRED,RANDOM,Illumina NovaSeq 6000,ILLUMINA,1663066200,5543554,300,622384997,TRUE,,,,,,,,,,,MIGS.ba.human-gut,,,,,,,,,National Institute of Infectious Diseases - Japan,,,,,2021,,,,,,,,,,,,,,,,,,,,,,,,missing,,missing,,fecal material [ENVO:00002003],,,,,,,,,,,,,Japan,,,,,,,,,,,,,,stool,,,,,,,,9606,,,,Homo sapiens,,,,,,,,,,,,,,,,,,,,,,missing,,,,,,missing,,Illumina library of SAMD00639518,,,,,,,,,,,,,,SAMD00639518,,,,missing,,,,,,,,,,,,,missing,,,,,,,16-1s_E2,,,,,,,,,,,,,,16-1s_E2,,,,,,,,562,,,,,,,Escherichia coli isolated as 16-1s_E2 from a stool sample of a long-term care facility resident,,,,,,,,,,,,,
SRR10675893,SRX7353500,SAMN13548865,PRJNA595346,PMC11148165,SRP237307,SRS5812881,human metagenome,METAGENOMIC,PAIRED,PCR,Illumina MiSeq,ILLUMINA,9675252,19312,500,5333356,TRUE,,,,,,,,,,,MIGS/MIMS/MIMARKS.human-associated,MIMS.me,,,80.81811541,,,,,University of Pittsburgh Medical Center,,,,,2018-04-17T00:00:00Z,,,,,,,,,,,,,,,,,,,,,,,,inpatient_icu,,human_mouth,,oral_swab,,,,,,,,,,,,,USA: Pittsburgh,,,,,,,,,,,,,,,,,,,,,,,,,,Homo_sapiens,,,,,,,,,,,,,,,,,,,,,,,,,,,,40.4406 N 79.9959 W,,0102.4449.1.O,,,,5.12455904,11.2181699,,,,,,,,,0102.4449.1.O,,,,,,,,,,,,,,,,,,,,,,,,,,,,,,,,,,,,,,,,,,,,,,646099,,,,,,,,,,,,,,,,,,,,
SRR25084146,SRX20843021,SAMN36072807,PRJNA989180,PMC11118803,SRP446771,SRS18120104,human metagenome,METAGENOMIC,PAIRED,PCR,Illumina HiSeq 2500,ILLUMINA,50355426,84583,595,33116818,TRUE,,,,,,,,,,,MIGS/MIMS/MIMARKS.human-associated,MIMARKS.survey,,,,,,,,Research Institute for Systems Biology and Medicine (RISBM),,,,,2021,,,,,,,,,,,,,,,,,,,,,,,,ENVO:00000428,,ENVO:00000428,,not applicable,,,,,,,,,,,,,Russia: Moscow,,,,,,,,,,,,,,,,,,,,,,,,,,Homo sapiens,,,,,,,,,,,,,,,,,,,,,,,,,,,,55.75 N 37.61 E,,MCOV_141_FSW_1_BHQ1,,,,,,,,,,,,,,MCOV_141_FSW_1_BHQ1,,,,,,,,,,,,,,,,,,,,,,,,,,,,,,,,,,,,MCOV_141_FSW_1_BHQ1,,,,,,,,,,646099,,,,,,,,,,,,,,,,,,,,
SRR26313457,SRX22022008,SAMN37711388,PRJNA1025034,PMC11013109,SRP464946,SRS19095440,gut metagenome,METAGENOMIC,PAIRED,PCR,Illumina MiSeq,ILLUMINA,22435336,37268,602,14711677,TRUE,,,,,,,,,,,MIGS/MIMS/MIMARKS.human-gut,MIMARKS.survey,,,,,,,,Maria Sklodowska Curie National Research Institute of Oncology,,,,,2022-01,,,,,,,,,,,,,,,,,,,,,,,,ENVO:00000856,,UBERON:0001007,,ENVO:00002003,,,,,,,,,,,,,Poland,,,,,,,,,,,,,,,with_dextrin,,,,,,patient_57,,,,,Homo sapiens,,,,,,,,,,,,,,,,,,,,,,,,,,,,52.24 N 21.01 E,,TL_I_57,,,,,,,,,,,,,,TL_I_57,,,,,,,,,,,,,,,,,,,,,,,,,,,,,,,,,,,,,,,collection_I,,,,,,,749906,,,,,,,,,,,,,,,,,,,,
SRR26504004,SRX22207831,SAMN37954431,PRJNA1031701,PMC10923939,SRP468239,SRS19263127,gut metagenome,METAGENOMIC,PAIRED,PCR,Illumina MiSeq,ILLUMINA,93668368,155876,600,58428973,TRUE,,,,,,,,,,,MIGS/MIMS/MIMARKS.human-gut,MIMARKS.survey,,,,,,,,Centro de Investigacion y Asistencia en Tecnologia y Diseno del Estado de Jalisco A.C.,,,,,2019-05,,,,,,,,,,,,,,,,,,,,,,,,gut microbiome,,feces samples,,Feces of obese subjects 45,,,,,,,,,,,,,Mexico: Guadalajara,,,,,,,,,,,,,,,,,,,,,,,,,,Homo sapiens,,,,,,,,,,,,,,,,,,,,,,,,,,,,20.66 N 103.39 W,,18-R1-16S,,,,,,,,,,,,,,18-R1,,,,,,,,,,,,,,,,,,,,,,,,,,,,,,,,,,,,,,,,,,,,,,749906,,,,,,,SAMPLE,,,,,,,,,,,,,
SRR26535038,SRX22238367,SAMN37995302,PRJNA1032541,PMC11116651,SRP468556,SRS19292634,human gut metagenome,METAGENOMIC,PAIRED,PCR,Illumina MiSeq,ILLUMINA,47188,94,502,93033,TRUE,,,,,,,,,,Rep 3,MIGS/MIMS/MIMARKS.human-gut,MIMARKS.survey,,,,,,,,United States Department of Agriculture - ARS,,,,,2021-08,,,Proximal,,,,,,,,,,,,,,,,,,,,,feces,,feces,,feces,,,,,,,,,,,,,USA: PA,,,,,,,,,,,,,,,,,,,,,,,,,,Homo sapiens,,,,,,,,,,,,,,,,,,,,,,,,,,,,40.08278 N 75.19194 W,,Rep_3-insoluble-Day_15-Proximal-Lumen,,,,,,,,,,,,,,RB3.UC1.15L,,,,,,,,,,,,,,,,,,,,,,,,,Lumenal,,,,,,,,,,,,,,,15,,,,insoluble,,408170,,,,,,,Rep_3-insoluble-Day_15-Proximal-Lumen,,,,,,,,,,,,,
SRR27842931,SRX23506391,SAMN39738873,PRJNA1072256,PMC10899393,SRP487690,SRS20357388,human gut metagenome,METAGENOMIC,PAIRED,PCR,Illumina NovaSeq 6000,ILLUMINA,41993700,139979,300,14790759,TRUE,54,,,,,,,,"Hangzhou Guhe Information Technology Co. LTD D301, Hangzhou Digital Information Industrial Park, No. 11 Xiyuan 8th Road, Xihu District, Hangzhou, Zhejiang, China",,MIGS/MIMS/MIMARKS.human-gut,MIMARKS.survey,,,,,,,,Fujian University of Traditional Chinese Medicine,,,,,30.08.2021,,,,,,,,,,,,,,,,,,,,,,,,ENVO:00000428,,ENVO:00000428,,ENVO:00000428,,,,,,,,,,,,,China:fujian,,,,,,,,,,,,,,,,,,,,,,,,,,Homo sapiens,,,,,,,,,,,,,,,,,,,,,,,CAG031,,,,,24.30 N 118.24 E,,CAG031,,,,,,,,,,,,,,CAG031,,,,,,,,,,,,,,,,,,,,,,,,,,,,,,,,female,,,,,,,,,,,,,,408170,,,,,,fecal,,,,,,,,,,,,,,
SRR5342007,SRX2638681,SAMN06595995,PRJNA379123,PMC10957563,SRP101858,SRS2046667,human gut metagenome,METAGENOMIC,SINGLE,PCR,454 GS Junior,LS454,946705,1772,534,2142818,TRUE,,,,,,,,,,,MIGS/MIMS/MIMARKS.human-gut,MIMARKS.specimen,,,,,,,,"Bambino Gesu Children s Hospital, IRCCS, Rome, Italy",,,,,2014,,,,,,,,,,,,,,,,,,,,,,,Mediterranean,,Biological sample,,Feces,,,,,,,,,,,,,,Netherlands:Utrecht,,,,,,,,,,,,,,,,baseline,,,,,,,,,,Homo sapiens,,,,,,,,,,,,,,,,,,,,,,none,Gut microbiota,,,,,52.5 N 5.7 E,,UMCU.S.29,,,,,,,,,,,,,,UMCUS29,,,,,,,,,,,,,,,,,,,,,,,,,,,,UMCUS29JIA,,,,,,,,,,Bacteria,,,,,,,,408170,,,,,,,,,,,,,,,,,,,,
SRR12582194,SRX9069245,SAMN16051271,PRJNA661289,PMC10952111,SRP279984,SRS7317647,human gut metagenome,METAGENOMIC,PAIRED,PCR,Illumina MiSeq,ILLUMINA,11742485,26367,445,7990430,TRUE,,,,,,,,,,,MIGS/MIMS/MIMARKS.human-gut,MIMARKS.survey,,,,,,,,University of Bologna,,,,,14.03.2013,,,,,,,,,,,,,,,,,,,,,,,,ENVO:00000428,,ENVO:0010001,,ENVO:02000022,,,,,,caucasian,,,,,,,Italy:Emilia Romagna,,,,,,,,,,,,,,,,,,,,,,,,,,Homo sapiens,,,,,,,,,,,,,,,,,,,,,,,,,100134_T0,,,44.494887 N 11.3426163 E,,100134,,,,,,,,,,,,,,100134,,,,,,,,,,,,,,,,,,,,,,,,,,,,,,,,,,,,,,,,,,,,,,408170,,,,,,,100134,,,,,,,,,,,,,
SRR17156517,SRX13340528,SAMN23683919,PRJNA786526,PMC11212766,SRP349647,SRS11245327,human gut metagenome,METAGENOMIC,SINGLE,PCR,Illumina HiSeq 2500,ILLUMINA,850128395,3132039,271,219504691,TRUE,,,,,,,,,,,MIGS/MIMS/MIMARKS.human-gut,MIMARKS.survey,,,,,,,,Hospital Universitario Dr. Jose Eleuterio Gonzalez,,,,,2016-10/2018-07,,,,,,,,,,,,,,,,,,,,,,,,human stool,,stool,,stool,,,,,,,,,,,,,Mexico: Monterrey,,,,,,,,,,,,,,,,,,,,,,,,,,Homo sapiens,,,,,,,,,,,,,,,,,,,,,,,human,,clinical,,,25.67508 N 100.31847 W,,103018,,,,,,,,,,,,,,103018,,,,,,,,,,,,,,,,,,,,,,,,,,,,,,,,,,,,,,,,,,,,,,408170,,,,,,,,,,,,,,,,,,,,
SRR18677552,SRX14779142,SAMN27356303,PRJNA823736,PMC11127362,SRP368085,SRS12538535,human gut metagenome,METAGENOMIC,PAIRED,RANDOM,Illumina HiSeq 4000,ILLUMINA,3634380550,13597588,267,1225415935,TRUE,,,,,,,,,,,MIGS/MIMS/MIMARKS.human-gut,MIMS.me,,,,,,,,University of Nebraska-Lincoln,,,,,2020,,,,,,,,,,,,,,,,,,,,,,,,human gut,,fecal fermentations,,fecal fermentations,,,,,,,,,,,,,USA: Nebraska,,,,,,,,,,,,,,,,,,,,,,,A2,,,Homo sapiens,,,,,,,,,,,,,,,,,,,,,,,,,,,,40.83183755 N 96.69270621 W,,A2F,,,,,,,,,,,,,,A2F,,,,,,,,,,,,,,,,,,,,,,,,,,,,,,,,,,,,,,,,,,,,,,408170,,,,,,,,,,FOS,,,,,,,,,,
SRR24196293,SRX19993231,SAMN34224549,PRJNA956585,PMC11180985,SRP433038,SRS17338382,human gut metagenome,GENOMIC,PAIRED,PCR,Illumina MiSeq,ILLUMINA,29898,99,302,98328,TRUE,,,,,,,,,,,MIGS/MIMS/MIMARKS.human-gut,MIMARKS.specimen,,,,,,,,California State University Northridge,AminoAcids,,,,2022-03,,,,,,not applicable,,,,not applicable,,,,,,,,,,,,,,biome [ENVO:00000428],,fecal environment [ENVO:01001029],,fecal material [ENVO:00002003],,,,,,,,,,,,,"USA: Northridge, CA",,,,,,,,,,,,,,,,,,,,,D2,,,,,Homo sapiens,,,,,,,,,,,,,,,,,,,,,,not applicable,not applicable,,,,,34.24 N 118.53 W,,D2L205MA1_334,,,,,,,,,,D2L205MA1_334,,,,D2L205MA1_334,,,,,,,,,,,,,,,,,,,,,,,,,,,,,,,,,,,,,,not applicable,,,,,,,,408170,,,,,,,D2L205MA1_334_L001_R1_001,,,,,,,,,,,,,
SRR24307396,SRX20102525,SAMN34376131,PRJNA961974,PMC11024242,SRP434529,SRS17433650,human gut metagenome,METAGENOMIC,PAIRED,RANDOM,Illumina HiSeq X,ILLUMINA,1707300526,5653313,302,822542522,TRUE,,,,,,,,,,,MIGS/MIMS/MIMARKS.human-gut,MIMS.me,,,,,,,,United States Department of Agriculture - ARS,Product 02,,,,2022-05,,,,,,,,,,,,,,,,,,,,,,,,feces,,feces,,feces,,,,,,,,,,,,,Belgium,,,,,,,,,,,,30,< 30,,,,,,,male,,,,,,Homo sapiens,,,,,,,,,,,,,,,48h,,,,,,,,,,,,,51.05 N 3.73333 E,,Donor5-Product_02 added to fecal enrichment sampled at timepoint: 48h,,,,,,,,,,,,,,sample_57,,,,,,,,,,,,,,,,,,,,,,,,,,,,,,,,,,,,,,,,,Donor5,,,,,408170,,,,,,,Donor5-Product_02,,,,,,,,,,,,,
SRR24804929,SRX20577327,SAMN35565524,PRJNA979040,PMC10949422,SRP440832,SRS17879467,human gut metagenome,METAGENOMIC,PAIRED,PCR,Illumina MiSeq,ILLUMINA,37336430,63482,588,18267946,TRUE,,,,,,,,,,,MIGS/MIMS/MIMARKS.human-gut,MIMARKS.survey,,,,,,,,Universtity of Granada,,,,,07.10.2021,,,,,,,,,,,,,,,,,,,,,,,,human gut microbiota,,human gut microbiota,,human gut microbiota,,,,,,,,,,,,,Spain: Granada,,,,,,,,,,,,12,Overweight,,,,22.8,154,73.2,male,,,fecal samples,76,53.3,Homo sapiens,,,,,,,,,,,,,,,,,,,,,,,,,,,,37.178055 N 3.600932 W,,6633-54-MS515F,,,,,,,,,,,,,,s_93,,,,,,,,,,,,,,,,,,,,,,,,,,,,,,,,,,,,,,,,,,,,,,408170,,,,,,,Sequencing of V4 region of 16S rRNA gene using Illumina MiSeq platform,,,,,,,,,,,,,
SRR25119262,SRX20871231,SAMN35813730,PRJNA985881,PMC10970062,SRS18151169,,human gut metagenome,METAGENOMIC,PAIRED,PCR,Illumina MiSeq,ILLUMINA,68716882,139103,494,23383938,TRUE,,,,,,,,,,,MIGS/MIMS/MIMARKS.human-gut,MIMS.me,,,,,,,Hebei University of Science and Technology,,,,,2022-03/2022-08,,,,,,,,,,,,,,,,,,,,,,,,Plain areas,,biological sample,,feces,,,,,,,,,,,,,China,,,,,,,,,,,,infant,,,,,,,,,,,,,,Homo sapiens,Homo sapiens,,,,,,,,,,,,,,,,,,,,,,,,,,,37.27 N 115.20 E,,l100,,,,,,,,,,,,,,IF,,,,,,,,,,,,,,,,,,,,,,,,,,,,,,,,,,,,,,,,,,,,,,408170,,,,,,,MIMS Environmental/Metagenome sample from Infant feces,,,,,,,,,,,,,,
SRR29256914,SRX24774993,SAMN41103428,PRJNA988962,PMC11238135,SRP511196,SRS21493602,human gut metagenome,METAGENOMIC,SINGLE,RANDOM,Illumina HiSeq 4000,ILLUMINA,10912302806,36349538,300,3616485421,TRUE,,,,,,,,,,,MIGS/MIMS/MIMARKS.human-gut,MIMS.me,,,,,,,,"Nanfang Hospital, Southern Medical University",,,,,08.07.2020,,,,,,,,,,,,,,,,,,,,,,,,terrestrial,,hills,,air,,,,,,,,,,,,,China:Guangdong,,,,,,,,,,,,,,,,,,,,,,,,,,Homo sapiens,,,,,,,,,,,,,,,,,,,,,,,,,,,,20.09 N 113.118 E,,LJ_104_V6,,,,,,,,,,,,,,LJ_104_V6,,,,,,,,,,,,,,,,,,,,,,,,,,,,,,,,,,,,,,,,,,,,,,408170,,,,,,,,,,,,,,,,,,,,
SRR25176418,SRX20924539,SAMN36291160,PRJNA991269,PMC11001937,SRP447710,SRS18199106,human gut metagenome,METAGENOMIC,SINGLE,PCR,Illumina MiSeq,ILLUMINA,2154291598,7364417,292,983947903,TRUE,,,,,,,,,,,MIGS/MIMS/MIMARKS.human-gut,MIMARKS.survey,,,,,,,,san pablo CEU,,,,,2018,,,,,,,,,,,,,,,,,,,,,,,,ENVO:01001029,,ENVO:01001033,,collection kit,,,,,,,,,,,,,Spain,,,,,,,,,,,,Mothers,,,,,,,,,Moth 19,,,,,Homo sapiens,,,,,,,,,,,,,,,,,,,,,,,,,,,,40.41 N 3.70 W,,Moth 19,,,,,,,,,,,,,,MA 019,,,,,,,,,,,,,,,,,,,,,,,,,,,,,,,,,,,,,,,,,,,,,,408170,,,,,,,Moth 19,,,,,,,,,,,,,
DRR480979,DRX465205,SAMD00620528,PRJDB15973,PMC10917986,DRP010671,,human gut metagenome,METAGENOMIC,PAIRED,PCR,Illumina MiSeq,ILLUMINA,11880998,,601,7919098,TRUE,,,,,,,,,,,MIGS/MIMS/MIMARKS.human-gut,MIMARKS.survey.human-gut,,,,,,,,METAGEN,,,,,29.05.2023,,,,,,,,,,,,,,,,,,,,,,,,host-associated,,mammalia-associated habitat,,feces,,,,,,,,,,,,,Japan,,,,,,,,,,,,,,,,,,,,,,,,,,Homo sapiens,,,,,,,,,,,,,,,,,,,,,,,,,,,,missing: lab stock,,,,,,,,,,,,,,,,,,,,,,,,,,,,,,,,,,,,,,,,,,,,,,,,,,,,,,,,,,,,,,,,,,,,,,,,,,,,,,,,,,
SRR26039036,SRX21756212,SAMN37359109,PRJNA1013123,PRJNA1013123,SRP459920,,metagenome,METAGENOMIC,PAIRED,PCR,Illumina MiSeq,ILLUMINA,8017191,,507,4586899,TRUE,,,,,,,,,,,MIGS/MIMS/MIMARKS.human-gut,"MIMARKS.survey,MIGS/MIMS/MIMARKS.human-gut",,,,,,,,JMF,,,,,2019,,,,,,,,,,,,,,,,,,,,,,,,Stool microbiome,,age | mycotoxin exposure,,Infant stool,,,,,,,,,,,,,Nigeria,,,,,,,,,,,,,,,,,,,,,,,,,,Homo sapiens,,,,,,,,,,2,,,,,,,,,,,,,,,,JMF-2105-01-0010,,6.89 N 3.71 E,,JMF-2105-01-0010A,,,,,,,,,,,,,,,,,,,,,,,,,,,,,,,,,,,,,JMF-2105-01-0010 I2T1,,,,,,,,,,,,,,,,,,,,,,,,,,,,,,,,,,,,I2T1,,,,,,,
DRR413395,DRX398962,SAMD00549560,PRJDB14563,PMC10767324,DRP009219,DRS263682,human gut metagenome,METAGENOMIC,PAIRED,PCR,Illumina MiSeq,ILLUMINA,54343867,90868,598,25202226,TRUE,,,,,,,,,,,,,,,,,,,,GIFU_U,,,,,missing,,,,,,,,,,,,,,,,,,,,,,,,,,,,,,,,,,,,,,,,,missing,,,,,,,,,,,,,,,,,,,,,,,,,,,,,,,,,,,,,,,,,,,,,,,,,,,human feces,,,missing,,library c1,,,,,,,,,,,,,,SAMD00549560,,,,,,,,,,,,,,,,,,,,,,,,human fecal culture,,,,,,,,,,,,,,,,,,,,,,408170,,,,,,,human fecal culture exposed to blackcurrant,,,,,,,,,,,,,
ERR5520729,ERX5301265,SAMEA8388249,PRJEB43505,PMC11148242,ERP127479,ERS6073748,metagenome,METAGENOMIC,PAIRED,PCR,Illumina MiSeq,ILLUMINA,39363815,72593,542,22882537,TRUE,,,,,,,,,,,,,,,,,,,,GENEVA UNIVERSITY HOSPITALS,,,,,,26.09.2016,,,,,,,,,,25.10.2021,25.10.2021,,,25.10.2021,,25.10.2021,,,25.10.2021,,25.10.2021,,,,,,,terrestrial,organic,microbial,,,,,,SAMEA8388249,,,,,Switzerland,,46.19474063,,6.149349107,,,,,,,,,,,,,,,,,,,,,,,,,,,,,,,,,,human-gut,,,GUH,Geneva University Hospitals,2021-10-25T16:14:50Z,2021-10-25T16:14:50Z,public,bacteria_archaea,,,,,,,,,unspecified,,,,,,,,,,,,,,SAMEA8388249,,,,,,,,,,,,,,,PRJEB43505,,,,,,,,,,,BCAA-Glyc_101_M0,,,,MiSeq,,,,,,,,,,,,BCAA-Glyc_101_M0,,,,256318,,,,,,,BCAA-Glyc_101_M0,,,,,,,,,,,,,
ERR12203906,ERX11614775,SAMEA9962203,PRJEB47625,PMC11092197,ERP131911,ERS7640501,Homo sapiens environmental sample,METAGENOMIC,SINGLE,other,MinION,OXFORD_NANOPORE,8675507335,5362563,1617,7764243058,TRUE,,,,,,,,,,,,,,,,,,"Quadram Institute Bioscience, Norwich, UK",,Quadram Institute Bioscience,,,,,,2018,,,,,,,,,,20.11.2021,20.11.2021,,,03.11.2023,,20.11.2021,,,03.11.2023,,20.11.2021,,,,,,,Faeces,Faeces,Faeces,,,,,,SAMEA9962203,,,,,United Kingdom,,52.63,,1.297,,,,,,,,,,,,,,,,,,,,,,,,,,,,,,,,host-associated,,,,,QIB,QIB,2021-11-20T00:21:16Z,2021-11-20T00:21:16Z,public,metagenome,,,,,,,,,unspecified,,,,,,,,,,,,,,SAMEA9962203,,,,,,,,,,,,,,,Human faecal virome,,,,,,,,,,,PF-1,,,,Illumina,,,,,,,,,,,,PF-1,,,,2665953,,,,,,,faecal virome,,,,,,,,,,,,,
ERR9289898,ERX8831540,SAMEA13444001,PRJEB51719,PMC11082422,ERP136373,ERS11046106,metagenome,METAGENOMIC,PAIRED,PCR,Illumina MiSeq,ILLUMINA,64783669,108228,598,16700883,TRUE,,,,,,,,,,,,,,,,,,,,Valencian Region Foundation for the Promotion of Health and Biomedical Research (FISABIO),,,,,2020,,,,metagenome,,,,,,,,,03.01.2024,2024-01-03T16:36:20Z,03.01.2024,,03.01.2024,03.01.2024,2024-01-03T16:36:20Z,03.01.2024,,03.01.2024,,,,,,,terrestrial biome,human-associated habitat,human-associated habitat,,,,,,,,,,,Spain,,37.1830801,,-3.6022205,,,,,,,,,,,,,,,,,,,,,,,,,,,,,,,,,,,human-associated,,,,,,,metagenome,,,,,,,,,unspecified,,,,,,,,,,,,,,SF_1LBa,,,,,metagenome,,,,,,,,,,PRJEB51719,,,,,,,,,,,,,,metagenome,Illumina MiSeq,,,,,,,,,,,,,,,,256318,,,,,,,Amplicon (V3-V4) of 16S rRNA gene,,,,,,,,,,,,,
ERR10454889,ERX9978328,SAMEA111539532,PRJEB57226,PMC10846256,ERP142198,ERS13649596,human metagenome,METAGENOMIC,PAIRED,PCR,Illumina MiSeq,ILLUMINA,1898504,3604,526,550616,TRUE,,,,,,,,,,,,,,,,nasal cavity,,,,MEDICAL UNIVERSITY GRAZ,,,,,,04.04.2018,,,,,,,,,,,,,,04.12.2023,2023-12-04T12:34:47Z,04.12.2023,,,04.12.2023,2023-12-04T12:34:47Z,04.12.2023,,,,,,,,,,nasal mucus,,,,,SAMEA111539532,,,,,Austria,,47.076668,,15.421371,,,,,,,,,,,,,,,,,,,,,,,,,,normosmia,,,,,,,,,,,,MEDICAL UNIVERSITY GRAZ,2023-12-04T12:34:47Z,2023-12-04T12:34:47Z,public,,,,,,,,,,,,olfactory area,,,,,,,,,,,,SAMEA111539532,,PCR,DNeasy PowerSoil Kit (QIAGEN),,,,,,,,515F-806R,,,,microbiome and olfactory function in humans,,,,,,,,,,,ID004_n_nonPMA,-20ï¿½C,,human metagenome,Illumina MiSeq,,,,,,,,,,,,ID004_n_nonPMA,,,16S rRNA gene (V4 region),646099,,,,,,,nasal microbiome (nonPMA),,,,,,,,,,,,,
ERR12640351,ERX12014692,SAMEA112352579,PRJEB58722,PMC10997323,ERP143789,ERS14463476,Homo sapiens,GENOMIC,PAIRED,RANDOM,NextSeq 500,ILLUMINA,2206453663,8006582,275,958343254,TRUE,,,,,,,,,,,,,,,,,,,,UFPA,,,,,,,,,human,,,,,,,03.02.2024,,,,03.02.2024,,10.05.2023,,,03.02.2024,,10.05.2023,,,,,,,,,,,,,,,,,,,,Brazil,,,,,,belem,,,,,,,,,,,,,,,,,,,,,,,,,,,,,,,,,,,,UFPA,,,public,,,,,,,,,,,,,,,,,,,,,,,,SAMEA112352579,,,,,,,,,,,,,,,,,,,,,,,,,,ena-SAMPLE-TAB-18-01-2023-17:13:39:604-313,,,Homo sapiens,,,female,,,,,,,,,,ena-SAMPLE-TAB-18-01-2023-17:13:39:604-313,,,,9606,,,,,fecal_shotgun,,INV07,,,,,,,,,,,,,
ERR10852677,ERX10297484,SAMEA112484849,PRJEB59709,PMC10981462,ERP144764,ERS14602196,human gut metagenome,METAGENOMIC,PAIRED,other,Illumina NovaSeq 6000,ILLUMINA,3340371382,12541573,266,1520164042,TRUE,,,,,,,,,,,,,,,,digestive tract environment,digestive tract environment,,,"Gordon Lab at The Washington University School of Medicine, Center for Genome Sciences and Systems Biology",,,,,,2015,2015,,,,,,,,,,,,,11.02.2023,11.02.2023,11.02.2023,,,11.02.2023,11.02.2023,11.02.2023,,,,,,,,,,organic matter,organic matter,,,,SAMEA112484849,,,,,USA,USA,38.627,38.627,90.1994,90.1994,,,,,,,,,,,,,,,,,,,,,,,gut,gut,Asthmatic,Asthmatic,,MARS0089,MARS0104,,,,,,,CGS-GL,"Gordon Lab at The Washington University School of Medicine, Center for Genome Sciences and Systems Biology",2023-02-11T00:22:36Z,2023-02-11T00:22:36Z,public,,,,,,,,,,,fastq-load.py,intestine environment,intestine environment,,,,,,,,,AAGAGGCA-AAGGAGTA,TAAGGCGA-GGAACTCC,SAMEA112484849,,,,,,,,,,,,,,,MARS Fecal Nextera Shotgun Sequencing,MARS Fecal Nextera Shotgun Sequencing,,,,,,,,,,MARS0089_fecal,,,human gut metagenome,Illumina NovaSeq 6000,Illumina NovaSeq 6000,,,,,,,,,,,MARS0089_fecal,,,,408170,,,,,,,gut metagenome,,,,,,,,,,,,,
ERR11786857,ERX11185374,SAMEA114090918,PRJEB62817,PMC11178274,ERP147937,ERS16074761,metagenome,METAGENOMIC,PAIRED,RANDOM,DNBSEQ-G400,DNBSEQ,10513811248,35174088,298,7121379333,TRUE,,,,,,,,,,,,,,,,,,,,Latvian Biomedical Research and Study Centre,,,,,,2015,,,,,,,,,,,,,,13.08.2023,,13.08.2023,,,13.08.2023,,14.07.2024,,,,,,,,,,,,,,,,,,,,Latvia,,,,,,,,,,,,,,,,,,,,,,,,,,,,,,,,,,,,,,,,,,Latvian Biomedical Research and Study Centre,,,,,,,,,,,,,,,,,,,,,,,,,,,SAMEA114090918,,,,,,,,,,,,,,,,,,,,,,,,,,S1-1,,,metagenome,,,,,,,,,,,,,S1-1,,,,256318,,,,,,,Human gut microbiome - fecal sample,,,,,,,,,,,,,
ERR12302835,ERX11679805,SAMEA114633094,PRJEB70237,PMC11215963,ERP155175,ERS17020511,human feces metagenome,METAGENOMIC,PAIRED,RANDOM,DNBSEQ-T7,DNBSEQ,14850271220,49733223,298,9742254999,TRUE,,,,,,,,,,,,,,,,urban biome (ENVO:01000249),,,,University of Helsinki,,,,,,02.07.2016,,,,,,,,,,31.03.2024,,,,31.03.2024,,31.03.2024,,,31.03.2024,,31.03.2024,,,,,,,,,,fecal material (ENVO:00002003),,,,,SAMEA114633094,,,,,Finland,,60.192059,,24.945831,,,,,,,,,,,,,,,,,,,,,,13,feces (UBERON:0001988),,,,,female,I53,,,,,human-gut,,,,University of Helsinki,,2023-11-17T10:34:21Z,public,metagenome,,,,,,,,,,,fecal environment (ENVO:01001029),,,,,,,,,infant born by Vaginal delivery with Intrapartum antibiotics,,,SAMEA114633094,,,,,,,,,,,,,,,PRJEB70237,,,,,,,,,,,I53_MGI_3m,,,human feces metagenome,MGI,,,,,,,,,,,,I53_MGI_3m,,,,2705415,,,,,,,infant stool sample,,,,,,,,,,,,,
SRR25609969,SRX21337138,SAMN36943979,PRJNA1004563,PMC11009740,SRP454629,SRS18582381,Homo sapiens,GENOMIC,PAIRED,other,Illumina MiSeq,ILLUMINA,27768782,46296,599,18277081,TRUE,,,,,,,,,,,,,,,,,,,,"Experimental and Clinical Biomedical Sciences, University of Florence",,,,,missing,,,,,Healthy,,,,,,,,,,,,,,,,,,,,,,,,,,,,,,,,,,,,missing,,,,,,,,,,,,,,,,,,,,,,,,,,,,,,,,,,,,,,,,,,,,,,,,,,,,,,,,GSM7706750,,,,,,,,,,,,,,GSM7706750,,,,,,,,,,HC_10,,,,,,,,,,,,,,,,,,,,,,,,Saliva,,,,,,,,,,,,9606,,,,,,Saliva,Microbiota of Saliva from subject HC_10,,,,,,,,,,,,,
SRR25916127,SRX21636190,SAMN32670883,PRJNA1010206,PMC11142649,SRP458598,SRS16418185,human gut metagenome,METAGENOMIC,PAIRED,PCR,Illumina MiSeq,ILLUMINA,140249789,269577,520,85896282,TRUE,,,,,,,,,,,,,Metagenome or environmental,,,,,,,Cedars-Sinai Medical Center,,,,,31.07.2018,,,,,,,,,,,,,,,,,,,,,,,,,,,,,,,,,,,,,,,,,USA: Los Angeles,,,,,,,,10^3,0,no-SIBO,,,,,,,,,,,,,,,,Homo sapiens,,,,,,,,,,,,,,,,,,,,,,,,,Duodenum,,,34.0752 N 118.3802 W,,206_Duodenal_Luminal_sample,,,,,,,,,,,,,,206_Duodenal,,,,,,,,,,,,,,,,,206_Duodenal_no-SIBO,,,,,,,,,,,,,,,,,,,,,,,,,,,,,408170,,,,,,,,,,,,,,,,,,,,
SRR26177547,SRX21889672,SAMN37518026,PRJNA1020208,PMC11034497,SRP463197,SRS18980619,human gut metagenome,METAGENOMIC,PAIRED,PCR,Illumina MiSeq,ILLUMINA,77842785,129426,601,63415258,TRUE,,,,,,,,,,,,,Metagenome or environmental,,,,,,,Chulalongkorn University,,,,,29.04.2020,,,,,,,,,,,,,,,,,,,,,,,,,,,,,,,,,,,,,,,,,Thailand: Bangkok,,,,,,,,,,,,,,,,,,,,,,,,,,Homo sapiens,,,,,,,,,,,,,,,,,,,,,,,,,feces,,,13.7194 N 100.5847 E,,ID80,,,,,,,,,,,,,,ID80,,,,,,,,,,,,,,,,,,biological replicate 1,aerobic collection,,,,,,,,,,,,,,,,,,,,,,,,,,,408170,,,,,,,,,,,,,,,,,,,,
SRR26322353,SRX22030427,SAMN37731570,PRJNA1025976,PMC11054128,SRP465164,SRS19103041,human gut metagenome,METAGENOMIC,PAIRED,DNase,Illumina MiSeq,ILLUMINA,225612354,449427,502,145706025,TRUE,,,,,,,,,,,,,Metagenome or environmental,,,,,,,Institute of Chemical Biology and Fundamental Medicine,,,,,2018,,,,,,,,,,,,,,,,,,,,,,,,,,,,,,,,,,,,,,,,,Russia: Novosibirsk,,,,,,,,,,,,,,,,,,,,,,,,,,Homo sapiens,,,,,,,,,,,,,,,,,,,,,,,,,stool,,,54.85 N 83.09 E,,96,,,,,,,,,,,,,,Donor5,,,,,,,,,,,,,,,,,,,,,,,,,,,,,,,,,,,,,,,,,,,,,,408170,,,,,,,,,,,,,,,,,,,,
SRR26558512,SRX22259963,SAMN38031558,PRJNA1033371,PMC11218497,SRP469025,SRS19312705,gut metagenome,OTHER,SINGLE,Inverse rRNA,Illumina NovaSeq 6000,ILLUMINA,39439332,79872,493,12440095,TRUE,,,,,,,,,,,,,Metagenome or environmental,,,,,,,Guangzhou Blood Center,,,,,,10.12.2021,,,,,,O11,,,,,,,,,,,,,,,,,,,,,,,,,,,,,,,,,,China:Guangzhou,,,,,,,,,,,,,,,,,,,,,,,,,,Homo sapiens,,,,,,,,,,,,,,,,,,,,,,,,stool,,,,,not applicable,O11,,,,,,,,,,,,,,OBI10,,,,,,,,,,,,,,,,,,,,,,,,,16s sequencing,,,,,,,,,,,,,,,,,,,,,749906,,,,,,,,,,,,,,,,,,,,
SRR27477561,SRX23148950,SAMN39329301,PRJNA1063212,PMC10832282,SRP482835,SRS20099584,human feces metagenome,GENOMIC,PAIRED,PCR,Illumina NovaSeq 6000,ILLUMINA,65266584,133743,488,19997765,TRUE,,,,,,,,,,,,,Metagenome or environmental,,,,,,,the First Affiliated Hospital of Xi'an Jiao Tong University,,,,,11.01.2022,,,,,,,,,,,,,,,,,,,,,,,,,,,,,,,,,,,,,,,,,China:Shaanxi,,,,,,,,,,,,,,,,,,,,,,,,,,Homo sapiens,,,,,,,,,,,,,,,,,,,,,,,,,,,,missing,,A11,,,,,,,,,,,,,,A11,,,,,,,,,,,,,,,,,,A11,,,,,,,,,,,,,,,,,,,,,,,,,,,,2705415,,,,,,,A11,,,,,,,,,,,,,
SRR27887573,SRX23549360,SAMN39842269,PRJNA1073875,PMC11094713,SRP488447,SRS20396858,human gut metagenome,GENOMIC,PAIRED,PCR,Illumina NovaSeq 6000,ILLUMINA,32523500,65047,500,12284640,TRUE,,,,,,,,,,,,,Metagenome or environmental,,,,,,,Medical College of Jiaying University,,,,Huanzhu Chen,09.04.2021,,,,,,,,,,,,,,,,,,,,,,,,,,,,,,,,,,,,,,,,,China:Guangdong,,,,,,,,,,,,,,,,,,,,,,,,,,Homo sapiens,,,,,,,,,,,,,,,,,,,,,,,,,fecal sample,,,missing,,ID12,,,,,,,,,,,,,,ID12,,,,,,,,,,,,,,,,,,,,,,,,,,,,,,,,,,,,,,,,,,,,,,408170,,,,,,,,,,,,,,,,,,,,
SRR10896389,SRX7565225,SAMN13756518,PRJNA599529,PMC10986321,SRP241987,SRS6001896,Escherichia coli,GENOMIC,PAIRED,RANDOM,HiSeq X Ten,ILLUMINA,1774498500,5914995,300,713813660,TRUE,,,,,,,,,,,,,"Microbe, viral or environmental",,,,,,,Temasek Life Sciences Laboratory Limited,,,,,2019-02,,,,,,,,,,,,,,,,,,,,,,,,,,,,,,,,,,,,,,,,,Singapore,,,,,,,,,,,,,,,,,,,,,,,,,,Homo sapiens,,,,,,,,,,,,,,,,,,,,,,,,,feces,,,,,94EC1-Illumina,,,,,,,,,,,,,,Escherichia coli 94EC,,,,,,,,,,,,,,,,,,,,,,,,,Bacterial pure culture,,,,,,,,,,,,,94EC,,,,,,,,562,,,,,,,,,,,,,,,,,,,,
SRR18767762,SRX14867276,SAMN27594549,PRJNA827030,PMC10908214,SRP370447,SRS12621320,Homo sapiens,METAGENOMIC,PAIRED,PCR,Illumina HiSeq 4000,ILLUMINA,26143000,52286,500,9744452,TRUE,31,,,,,,,,Nanfang hospital,,,,Human,,,,,,,Southern Medical University,,,,,,,,,,,,,,,,,,,,,,,,,,,,,,,,,,,,,,,,,,,,,,,,,,,,,,,,,,,,,,,,,,,,,,,,,,,,,,,,,,,,,,,,,,,,,,,fecal,,,,,,,10,,,,,,,,,,,,,,Ctrl.2.0h,,,,,,,,,,,,,,,,,,,,,,,,,,,,,,,,female,,,,,,,,,,,,,,9606,,,,,,fecal10,,,,,,,,,,,,,,
SRR28959571,SRX24489182,SAMN37151400,PRJNA875547,PMC11143213,SRP395659,SRS21238458,metagenome,METAGENOMIC,PAIRED,other,BGISEQ-500,BGISEQ,50737699000,253688495,200,32444494548,TRUE,,,,,,,,,,,MIUVIG.human-gut,,Metagenome or environmental,,,,,,,Hong Kong Baptist University,,,,,01.02.2018,,,,,,,,,,,,,,,,,,,,,,,,,,,,,,,,,,,,,,,,,China: Shenzhen,,,,,,,,,,,,,,,,,,,,,,,,,,Homo sapiens,,,,,,,,,,,,,,,,,,,,,,,,,human fecal sample 3,,,22.54 N 114.06 E,,lib_s3_stlfr,,,,,,,,,,,,,,S3,,,,,,,,,,,,,,,,,,,,,,,,,,,,,,,,,,,,,,,,,,,,,,256318,,,,,,,,,,,,,,,,,,,,
SRR22410866,SRX18380564,SAMN31873750,PRJNA905467,PMC10825054,SRP409837,SRS15866427,uncultured human fecal virus,METAGENOMIC,PAIRED,MDA,Illumina HiSeq 2500,ILLUMINA,993251840,1649920,602,682752632,TRUE,,,,,,,,,,,,,,commensal,,,,,,University College Cork,,,,,2016,,,,,,,,,,,,,,,,,,,,,,,,ENVO:2100002,,not applicable,,ENVO:00002003,,,,,,White_caucasian,,48h_1,,,,,Ireland: Cork,,,,,,,,,,,,23,,stool,,,,,,female,APC055_920,9606,,,,Homo sapiens,,,,,,,,,,,,,,,,,,,,,,,APC055_920,,feces,,,51.89 N 8.49 W,,NG-14651_920_1_T48_lib231457_5693,,,,,,,,,,,,,,Subj920_48h_1,,,,,,,,,,,,anaerobic incubation of faeces at 37C,,,,,,,,48h,anaerobic chamber,37,,,,,,,,,,,0-0.45 micrometer,,viral fraction metagenome (virome),,,,,,,,,,,239364,37,,,,,,human faecal virome,,,,,,,centrifugation,filtration,PEG Precipitation,DNAse,RNAse,,
SRR23278641,SRX19222103,SAMN32957271,PRJNA929328,PMC10876974,SRP420141,SRS16628614,human gut metagenome,METAGENOMIC,SINGLE,unspecified,PromethION,OXFORD_NANOPORE,25349819,14260,1777,23008922,TRUE,,1,0.00849329,15630,30,19.19385797,95.43910311,11237,,,,,Metagenome or environmental,,,,,,,Heinrich-Heine University Duesseldorf,,4069,16164,,2018-06/2019-12,,,,,,,,44,49.92,,,,,,,,,,,,,,,,,,,,,,,,,,4830,,,2.632919993,310,,Germany:Duesseldorf,,,,,,,,,,,,,,,,,,,,,,,,,,Homo sapiens,,,,,,,,,,,,22.45708924,,,,,,,,,,,,,stool,,,51.22 N 6.77 E,,18.2_16.fastq.gz,,,,,,525,11774,64.98151112,0.02808,,,,,18.2_16.fastq.gz,28.08,,,,,130,1.104127739,,18.2,,,,321,1.77162095,,,,,,,,,,,,,,,,,,,,,,,3,,,,,,,,,408170,,16,leukozytopenia_3,Leukozytopenia,,,,18119,362.9607372,,10.78977869,1955,,,,,,,0.815355869,96
SRR24139049,SRX19937833,SAMN33692989,PRJNA942468,PMC10873414,SRP432120,SRS17286542,gut metagenome,METAGENOMIC,PAIRED,unspecified,Illumina HiSeq 2000,ILLUMINA,9082609500,30275365,300,2824134319,TRUE,,,,,,,,,,,,,Metagenome or environmental,,,,,,,Radboud university medical center,,,,,not collected,,,,,,,,,,,,,,,,,,,,,,,,,,,,,,,,,,,,,,,,,Netherlands,,,,,,,,,,,,,,,,,,,,,,,,,,HV094_H08_0557_BDME190634752-1a_HMHM7DSXX_L2,,,,,,,,,,,,,,,,,,,,,,,,,stool,,,not collected,,BDME190634750,,,,,,,,,,,,,,HV094_H08_0557_BDME190634752-1a_HMHM7DSXX_L2,,,,,,,,,,,,,,,,,,,,,,,,,,,,,,,,,,,,,,,,,,,92,,,749906,,,,,,,,,,,,,,,,,,,,
,,,,,,,,,,,,,,,,,,,,,,,,,,,,,,,,,,,,,,,,,,,,,,,,,,,,,,,,,,,,,,,,,,,,,,,,,,,,,,,,,,,,,,,,,,,,,,,,,,,,,,,,,,,,,,,,,,,,,,,,,,,,,,,,,,,,,,,,,,,,,,,,,,,,,,,,,,,,,,,,,,,,,,,,,,,,,,,,,,,,,,,,,,,,,,,,,,,,,,,,,,,,,,,,,,,,,,,,,,,
,,,,,,,,,,,,,,,,,,,,,,,,,,,,,,,,,,,,,,,,,,,,,,,,,,,,,,,,,,,,,,,,,,,,,,,,,,,,,,,,,,,,,,,,,,,,,,,,,,,,,,,,,,,,,,,,,,,,,,,,,,,,,,,,,,,,,,,,,,,,,,,,,,,,,,,,,,,,,,,,,,,,,,,,,,,,,,,,,,,,,,,,,,,,,,,,,,,,,,,,,,,,,,,,,,,,,,,,,,,
,,,,,,,,,,,,,,,,,,,,,,,,,,,,,,,,,,,,,,,,,,,,,,,,,,,,,,,,,,,,,,,,,,,,,,,,,,,,,,,,,,,,,,,,,,,,,,,,,,,,,,,,,,,,,,,,,,,,,,,,,,,,,,,,,,,,,,,,,,,,,,,,,,,,,,,,,,,,,,,,,,,,,,,,,,,,,,,,,,,,,,,,,,,,,,,,,,,,,,,,,,,,,,,,,,,,,,,,,,,
,,,,,,,,,,,,,,,,,,,,,,,,,,,,,,,,,,,,,,,,,,,,,,,,,,,,,,,,,,,,,,,,,,,,,,,,,,,,,,,,,,,,,,,,,,,,,,,,,,,,,,,,,,,,,,,,,,,,,,,,,,,,,,,,,,,,,,,,,,,,,,,,,,,,,,,,,,,,,,,,,,,,,,,,,,,,,,,,,,,,,,,,,,,,,,,,,,,,,,,,,,,,,,,,,,,,,,,,,,,
,,,,,,,,,,,,,,,,,,,,,,,,,,,,,,,,,,,,,,,,,,,,,,,,,,,,,,,,,,,,,,,,,,,,,,,,,,,,,,,,,,,,,,,,,,,,,,,,,,,,,,,,,,,,,,,,,,,,,,,,,,,,,,,,,,,,,,,,,,,,,,,,,,,,,,,,,,,,,,,,,,,,,,,,,,,,,,,,,,,,,,,,,,,,,,,,,,,,,,,,,,,,,,,,,,,,,,,,,,,
,,,,,,,,,,,,,,,,,,,,,,,,,,,,,,,,,,,,,,,,,,,,,,,,,,,,,,,,,,,,,,,,,,,,,,,,,,,,,,,,,,,,,,,,,,,,,,,,,,,,,,,,,,,,,,,,,,,,,,,,,,,,,,,,,,,,,,,,,,,,,,,,,,,,,,,,,,,,,,,,,,,,,,,,,,,,,,,,,,,,,,,,,,,,,,,,,,,,,,,,,,,,,,,,,,,,,,,,,,,
,,,,,,,,,,,,,,,,,,,,,,,,,,,,,,,,,,,,,,,,,,,,,,,,,,,,,,,,,,,,,,,,,,,,,,,,,,,,,,,,,,,,,,,,,,,,,,,,,,,,,,,,,,,,,,,,,,,,,,,,,,,,,,,,,,,,,,,,,,,,,,,,,,,,,,,,,,,,,,,,,,,,,,,,,,,,,,,,,,,,,,,,,,,,,,,,,,,,,,,,,,,,,,,,,,,,,,,,,,,
,,,,,,,,,,,,,,,,,,,,,,,,,,,,,,,,,,,,,,,,,,,,,,,,,,,,,,,,,,,,,,,,,,,,,,,,,,,,,,,,,,,,,,,,,,,,,,,,,,,,,,,,,,,,,,,,,,,,,,,,,,,,,,,,,,,,,,,,,,,,,,,,,,,,,,,,,,,,,,,,,,,,,,,,,,,,,,,,,,,,,,,,,,,,,,,,,,,,,,,,,,,,,,,,,,,,,,,,,,,
,,,,,,,,,,,,,,,,,,,,,,,,,,,,,,,,,,,,,,,,,,,,,,,,,,,,,,,,,,,,,,,,,,,,,,,,,,,,,,,,,,,,,,,,,,,,,,,,,,,,,,,,,,,,,,,,,,,,,,,,,,,,,,,,,,,,,,,,,,,,,,,,,,,,,,,,,,,,,,,,,,,,,,,,,,,,,,,,,,,,,,,,,,,,,,,,,,,,,,,,,,,,,,,,,,,,,,,,,,,
,,,,,,,,,,,,,,,,,,,,,,,,,,,,,,,,,,,,,,,,,,,,,,,,,,,,,,,,,,,,,,,,,,,,,,,,,,,,,,,,,,,,,,,,,,,,,,,,,,,,,,,,,,,,,,,,,,,,,,,,,,,,,,,,,,,,,,,,,,,,,,,,,,,,,,,,,,,,,,,,,,,,,,,,,,,,,,,,,,,,,,,,,,,,,,,,,,,,,,,,,,,,,,,,,,,,,,,,,,,
,,,,,,,,,,,,,,,,,,,,,,,,,,,,,,,,,,,,,,,,,,,,,,,,,,,,,,,,,,,,,,,,,,,,,,,,,,,,,,,,,,,,,,,,,,,,,,,,,,,,,,,,,,,,,,,,,,,,,,,,,,,,,,,,,,,,,,,,,,,,,,,,,,,,,,,,,,,,,,,,,,,,,,,,,,,,,,,,,,,,,,,,,,,,,,,,,,,,,,,,,,,,,,,,,,,,,,,,,,,
,,,,,,,,,,,,,,,,,,,,,,,,,,,,,,,,,,,,,,,,,,,,,,,,,,,,,,,,,,,,,,,,,,,,,,,,,,,,,,,,,,,,,,,,,,,,,,,,,,,,,,,,,,,,,,,,,,,,,,,,,,,,,,,,,,,,,,,,,,,,,,,,,,,,,,,,,,,,,,,,,,,,,,,,,,,,,,,,,,,,,,,,,,,,,,,,,,,,,,,,,,,,,,,,,,,,,,,,,,,
,,,,,,,,,,,,,,,,,,,,,,,,,,,,,,,,,,,,,,,,,,,,,,,,,,,,,,,,,,,,,,,,,,,,,,,,,,,,,,,,,,,,,,,,,,,,,,,,,,,,,,,,,,,,,,,,,,,,,,,,,,,,,,,,,,,,,,,,,,,,,,,,,,,,,,,,,,,,,,,,,,,,,,,,,,,,,,,,,,,,,,,,,,,,,,,,,,,,,,,,,,,,,,,,,,,,,,,,,,,
,,,,,,,,,,,,,,,,,,,,,,,,,,,,,,,,,,,,,,,,,,,,,,,,,,,,,,,,,,,,,,,,,,,,,,,,,,,,,,,,,,,,,,,,,,,,,,,,,,,,,,,,,,,,,,,,,,,,,,,,,,,,,,,,,,,,,,,,,,,,,,,,,,,,,,,,,,,,,,,,,,,,,,,,,,,,,,,,,,,,,,,,,,,,,,,,,,,,,,,,,,,,,,,,,,,,,,,,,,,
,,,,,,,,,,,,,,,,,,,,,,,,,,,,,,,,,,,,,,,,,,,,,,,,,,,,,,,,,,,,,,,,,,,,,,,,,,,,,,,,,,,,,,,,,,,,,,,,,,,,,,,,,,,,,,,,,,,,,,,,,,,,,,,,,,,,,,,,,,,,,,,,,,,,,,,,,,,,,,,,,,,,,,,,,,,,,,,,,,,,,,,,,,,,,,,,,,,,,,,,,,,,,,,,,,,,,,,,,,,
,,,,,,,,,,,,,,,,,,,,,,,,,,,,,,,,,,,,,,,,,,,,,,,,,,,,,,,,,,,,,,,,,,,,,,,,,,,,,,,,,,,,,,,,,,,,,,,,,,,,,,,,,,,,,,,,,,,,,,,,,,,,,,,,,,,,,,,,,,,,,,,,,,,,,,,,,,,,,,,,,,,,,,,,,,,,,,,,,,,,,,,,,,,,,,,,,,,,,,,,,,,,,,,,,,,,,,,,,,,
,,,,,,,,,,,,,,,,,,,,,,,,,,,,,,,,,,,,,,,,,,,,,,,,,,,,,,,,,,,,,,,,,,,,,,,,,,,,,,,,,,,,,,,,,,,,,,,,,,,,,,,,,,,,,,,,,,,,,,,,,,,,,,,,,,,,,,,,,,,,,,,,,,,,,,,,,,,,,,,,,,,,,,,,,,,,,,,,,,,,,,,,,,,,,,,,,,,,,,,,,,,,,,,,,,,,,,,,,,,
,,,,,,,,,,,,,,,,,,,,,,,,,,,,,,,,,,,,,,,,,,,,,,,,,,,,,,,,,,,,,,,,,,,,,,,,,,,,,,,,,,,,,,,,,,,,,,,,,,,,,,,,,,,,,,,,,,,,,,,,,,,,,,,,,,,,,,,,,,,,,,,,,,,,,,,,,,,,,,,,,,,,,,,,,,,,,,,,,,,,,,,,,,,,,,,,,,,,,,,,,,,,,,,,,,,,,,,,,,,
,,,,,,,,,,,,,,,,,,,,,,,,,,,,,,,,,,,,,,,,,,,,,,,,,,,,,,,,,,,,,,,,,,,,,,,,,,,,,,,,,,,,,,,,,,,,,,,,,,,,,,,,,,,,,,,,,,,,,,,,,,,,,,,,,,,,,,,,,,,,,,,,,,,,,,,,,,,,,,,,,,,,,,,,,,,,,,,,,,,,,,,,,,,,,,,,,,,,,,,,,,,,,,,,,,,,,,,,,,,
,,,,,,,,,,,,,,,,,,,,,,,,,,,,,,,,,,,,,,,,,,,,,,,,,,,,,,,,,,,,,,,,,,,,,,,,,,,,,,,,,,,,,,,,,,,,,,,,,,,,,,,,,,,,,,,,,,,,,,,,,,,,,,,,,,,,,,,,,,,,,,,,,,,,,,,,,,,,,,,,,,,,,,,,,,,,,,,,,,,,,,,,,,,,,,,,,,,,,,,,,,,,,,,,,,,,,,,,,,,
,,,,,,,,,,,,,,,,,,,,,,,,,,,,,,,,,,,,,,,,,,,,,,,,,,,,,,,,,,,,,,,,,,,,,,,,,,,,,,,,,,,,,,,,,,,,,,,,,,,,,,,,,,,,,,,,,,,,,,,,,,,,,,,,,,,,,,,,,,,,,,,,,,,,,,,,,,,,,,,,,,,,,,,,,,,,,,,,,,,,,,,,,,,,,,,,,,,,,,,,,,,,,,,,,,,,,,,,,,,
,,,,,,,,,,,,,,,,,,,,,,,,,,,,,,,,,,,,,,,,,,,,,,,,,,,,,,,,,,,,,,,,,,,,,,,,,,,,,,,,,,,,,,,,,,,,,,,,,,,,,,,,,,,,,,,,,,,,,,,,,,,,,,,,,,,,,,,,,,,,,,,,,,,,,,,,,,,,,,,,,,,,,,,,,,,,,,,,,,,,,,,,,,,,,,,,,,,,,,,,,,,,,,,,,,,,,,,,,,,
,,,,,,,,,,,,,,,,,,,,,,,,,,,,,,,,,,,,,,,,,,,,,,,,,,,,,,,,,,,,,,,,,,,,,,,,,,,,,,,,,,,,,,,,,,,,,,,,,,,,,,,,,,,,,,,,,,,,,,,,,,,,,,,,,,,,,,,,,,,,,,,,,,,,,,,,,,,,,,,,,,,,,,,,,,,,,,,,,,,,,,,,,,,,,,,,,,,,,,,,,,,,,,,,,,,,,,,,,,,
,,,,,,,,,,,,,,,,,,,,,,,,,,,,,,,,,,,,,,,,,,,,,,,,,,,,,,,,,,,,,,,,,,,,,,,,,,,,,,,,,,,,,,,,,,,,,,,,,,,,,,,,,,,,,,,,,,,,,,,,,,,,,,,,,,,,,,,,,,,,,,,,,,,,,,,,,,,,,,,,,,,,,,,,,,,,,,,,,,,,,,,,,,,,,,,,,,,,,,,,,,,,,,,,,,,,,,,,,,,
,,,,,,,,,,,,,,,,,,,,,,,,,,,,,,,,,,,,,,,,,,,,,,,,,,,,,,,,,,,,,,,,,,,,,,,,,,,,,,,,,,,,,,,,,,,,,,,,,,,,,,,,,,,,,,,,,,,,,,,,,,,,,,,,,,,,,,,,,,,,,,,,,,,,,,,,,,,,,,,,,,,,,,,,,,,,,,,,,,,,,,,,,,,,,,,,,,,,,,,,,,,,,,,,,,,,,,,,,,,
,,,,,,,,,,,,,,,,,,,,,,,,,,,,,,,,,,,,,,,,,,,,,,,,,,,,,,,,,,,,,,,,,,,,,,,,,,,,,,,,,,,,,,,,,,,,,,,,,,,,,,,,,,,,,,,,,,,,,,,,,,,,,,,,,,,,,,,,,,,,,,,,,,,,,,,,,,,,,,,,,,,,,,,,,,,,,,,,,,,,,,,,,,,,,,,,,,,,,,,,,,,,,,,,,,,,,,,,,,,
,,,,,,,,,,,,,,,,,,,,,,,,,,,,,,,,,,,,,,,,,,,,,,,,,,,,,,,,,,,,,,,,,,,,,,,,,,,,,,,,,,,,,,,,,,,,,,,,,,,,,,,,,,,,,,,,,,,,,,,,,,,,,,,,,,,,,,,,,,,,,,,,,,,,,,,,,,,,,,,,,,,,,,,,,,,,,,,,,,,,,,,,,,,,,,,,,,,,,,,,,,,,,,,,,,,,,,,,,,,
,,,,,,,,,,,,,,,,,,,,,,,,,,,,,,,,,,,,,,,,,,,,,,,,,,,,,,,,,,,,,,,,,,,,,,,,,,,,,,,,,,,,,,,,,,,,,,,,,,,,,,,,,,,,,,,,,,,,,,,,,,,,,,,,,,,,,,,,,,,,,,,,,,,,,,,,,,,,,,,,,,,,,,,,,,,,,,,,,,,,,,,,,,,,,,,,,,,,,,,,,,,,,,,,,,,,,,,,,,,
,,,,,,,,,,,,,,,,,,,,,,,,,,,,,,,,,,,,,,,,,,,,,,,,,,,,,,,,,,,,,,,,,,,,,,,,,,,,,,,,,,,,,,,,,,,,,,,,,,,,,,,,,,,,,,,,,,,,,,,,,,,,,,,,,,,,,,,,,,,,,,,,,,,,,,,,,,,,,,,,,,,,,,,,,,,,,,,,,,,,,,,,,,,,,,,,,,,,,,,,,,,,,,,,,,,,,,,,,,,
,,,,,,,,,,,,,,,,,,,,,,,,,,,,,,,,,,,,,,,,,,,,,,,,,,,,,,,,,,,,,,,,,,,,,,,,,,,,,,,,,,,,,,,,,,,,,,,,,,,,,,,,,,,,,,,,,,,,,,,,,,,,,,,,,,,,,,,,,,,,,,,,,,,,,,,,,,,,,,,,,,,,,,,,,,,,,,,,,,,,,,,,,,,,,,,,,,,,,,,,,,,,,,,,,,,,,,,,,,,
,,,,,,,,,,,,,,,,,,,,,,,,,,,,,,,,,,,,,,,,,,,,,,,,,,,,,,,,,,,,,,,,,,,,,,,,,,,,,,,,,,,,,,,,,,,,,,,,,,,,,,,,,,,,,,,,,,,,,,,,,,,,,,,,,,,,,,,,,,,,,,,,,,,,,,,,,,,,,,,,,,,,,,,,,,,,,,,,,,,,,,,,,,,,,,,,,,,,,,,,,,,,,,,,,,,,,,,,,,,